company,quoted,country,industry,operating_revenue_2023,operating_revenue_2022,operating_revenue_2021,operating_revenue_2020,operating_revenue_2019,net_income_2023,net_income_2022,net_income_2021,net_income_2020,net_income_2019,cash_flow_2023,cash_flow_2022,cash_flow_2021,cash_flow_2020,cash_flow_2019,total_assets_2023,total_assets_2022,total_assets_2021,total_assets_2020,total_assets_2019,profit_margin_2023,profit_margin_2022,profit_margin_2021,profit_margin_2020,profit_margin_2019,solvency_ratio_2023,solvency_ratio_2022,solvency_ratio_2021,solvency_ratio_2020,solvency_ratio_2019,cogs_2023,cogs_2022,cogs_2021,cogs_2020,cogs_2019,ebitda_2023,ebitda_2022,ebitda_2021,ebitda_2020,ebitda_2019,cash_2023,cash_2022,cash_2021,cash_2020,cash_2019
SHELL PLC,Yes,GB,Crude_Oil,316620.0,381314.0,261845.0,180816.0,345056.0,19359.0,42309.0,20101.0,-21680.0,15842.0,50649.0,60838.0,47022.0,30764.0,44543.0,406270.0,443024.0,404379.0,379268.0,404336.0,10.305,16.998,11.392,-14.914,7.386,46.364,43.473,43.357,41.801,47.105,-212883.0,-258488.0,-174912.0,-117093.0,-252983.0,65752.0,85610.0,53642.0,28970.0,55430.0,12476.0,11755.0,10265.0,7051.0,18055.0
TOTALENERGIES SE,Yes,FR,Crude_Oil,219465.0,263536.0,184829.0,120234.0,176504.0,21384.0,20526.0,16032.0,-7242.0,11267.0,35462.0,34383.0,30487.0,15732.0,27723.0,283654.0,303864.0,293458.0,266132.0,273294.0,15.862,16.425,14.042,-5.837,9.807,42.112,37.704,39.188,39.862,43.654,-133284.0,-159240.0,-118171.0,-77486.0,-116221.0,45305.0,61116.0,38323.0,16132.0,32452.0,27263.0,33026.0,21342.0,31268.0,27352.0
ELECTRICITE DE FRANCE,No,FR,Electricity,170460.691500664,165669.56551373,102581.875047684,95435.1938146353,90022.5238769054,11067.684967041,-19134.794819355,5790.9853720665,797.614544630051,5791.12624585629,37777.7569541931,-5438.59079062939,18750.1980900764,15077.3690921068,17471.1145248413,403117.440914154,413981.392576694,408830.202584267,375358.631802201,340709.20123148,6.369,-14.754,6.165,1.651,8.106,17.576,12.009,17.173,18.054,18.395,-83002.1122503281,-135328.009871244,-50375.7964754105,-40154.3703752756,-39393.1392700672,42689.4841585159,-4054.14465487003,19956.4174175262,20582.1365493536,19415.719671607,11906.3803434372,11677.1311974525,11234.2624497414,7693.91260743141,4419.45502448082
ENEL SPA,Yes,IT,Electricity,108351.928627014,153606.325301528,99675.6226587296,86114.1475361586,89874.2350962162,3798.9917049408,1794.02033925056,3611.86238050461,3202.72917151451,2442.27128195763,12489.820605278,8285.34482479095,13465.4850554466,12037.8441274166,13643.6912232637,215722.61681366,234244.446412325,234380.307626724,200573.06178987,192579.943321466,7.757,5.17,6.25,7.785,5.39,23.106,19.161,20.461,25.914,27.381,-55642.2999715805,-111129.000681639,-57988.00314188,-32766.0054934025,-6790.95211565495,27495.7273397446,17448.5010284185,17039.9716258049,21835.0049340725,20712.1231027842,7515.10837268829,11776.3249498606,10032.5735235214,7044.77707803249,8983.82863008976
ENI S.P.A.,Yes,IT,Crude_Oil,105270.082243919,142832.60387063,87962.2702789307,55142.161218524,79636.6922293901,5271.95736598969,14811.8670934439,6592.86638975143,-10596.0024505854,166.263178348541,16853.4675636292,24536.0546278954,15353.5297679901,2272.58790254593,11730.5412724018,157579.700719833,162261.780148745,156032.681357861,134548.983983994,138672.477941513,10.736,16.465,13.758,-13.303,8.106,37.617,36.304,32.315,34.194,38.804,-80853.9912862778,-109458.705883026,-60754.9456930161,-41333.6128020287,-56933.9045858383,20950.8094024658,28299.0176224709,21910.1529479027,10054.8516595364,19119.1421102285,11263.2700548172,10831.3178032637,9348.48293781281,11550.6857055426,6733.65872311592
E.ON SE,Yes,DE,Electricity,104470.06188488,124526.556853652,89487.8828930855,76523.1394118071,47834.3657708168,571.285256385803,1952.94366300106,5313.02804231644,1247.95998752117,2955.66501510143,4454.25699901581,5555.91673433781,9755.0864481926,6360.05566895008,5766.41144907475,125424.186288834,142933.930822015,135639.080221653,117046.866676211,110729.029980421,0.107,1.71,7.75,3.497,4.373,17.594,16.318,14.937,9.493,13.275,-70884.6768121719,-115727.111075521,-88426.6364049911,-57802.5124996901,-36230.7686818838,24180.7258520126,468.237175345421,-8205.68922758102,7962.64735400677,4480.11861658096,6171.42776966095,7811.77465200424,4115.86951732635,3273.9009308815,2127.71932291985
IBERDROLA SA,Yes,ES,Electricity,55425.719874382,58513.6479258537,45427.4657320976,41501.7254060507,41674.18694542,5307.31738185883,4627.97517955303,4400.15219449997,4431.05557024479,3826.64927907836,10566.0147418976,9633.52657794952,9263.53791475296,9453.57300281525,9067.66683777201,165786.539402962,164967.743050456,160548.358783722,150341.751967669,137469.323438593,14.005,11.469,15.71,14.94,12.923,40.186,37.574,39.595,38.54,38.567,-28766.4779100418,-35602.0243185759,-24594.4156765938,-20501.1479955912,-21438.0697052485,15930.7921495438,14117.5108265877,13597.99929142,12283.2639873028,12261.7948164198,3335.99649715424,4914.89044189453,4567.77704000473,4205.26929914951,2374.05731944072
ENBW ENERGIE BADEN-WUERTTEMBERG AG,Yes,DE,Electricity,50256.527554512,62592.1110490561,36966.6016552448,24690.2195839882,21728.5752904177,1699.04876251221,1853.74991059303,411.473691701889,731.473892390728,824.800172591209,4347.84545125961,4341.16657716036,3406.74846482277,2646.48505908251,2676.83717141151,71514.4165947914,74132.6108520627,80724.0482339859,56403.6192983389,48629.8452072263,6.246,4.082,1.573,4.983,4.665,24.495,18.372,11.925,16.902,17.199,-39314.7021439552,-54499.5007517934,-29327.8921415806,-17556.9686464667,-16651.9313515186,5483.78596105576,4378.71087914705,3808.8215739727,3417.10341912508,2220.39981085062,6624.5884730339,6906.87164616585,7535.30310559273,1537.18729239702,1532.09272048473
PUBLIC JOINT STOCK COMPANY GAZPROM NEFT,Yes,RU,Crude_Oil,39246.577947394,48510.808369278,41302.1210652161,27067.3585247062,40146.6761043146,7108.12864204124,10780.6646009861,6776.51601030026,1593.20322411228,6464.687645806,10717.5848012175,14978.382725561,9932.63111330289,4599.17144450638,9401.60631982051,67495.7352735158,72917.234412089,66769.408183937,57653.2489558551,61795.3295702431,21.808,26.211,20.628,7.175,20.433,49.454,53.339,51.168,53.119,57.854,-5216.9344382789,-4697.72167647444,-15762.1349168662,-10230.5497204615,-14914.8791191801,11648.95485288,16571.6579978382,10711.8742577741,4971.12055360805,10150.6003804877,6607.28295565769,6429.13094489183,7718.41330660228,3208.24042132962,3269.55364494771
"ENDESA, S.A. (SPAIN)",Yes,ES,Electricity,28132.2076253891,35086.8567657471,23670.2138257027,21571.1785846949,22645.4942510128,819.910367965698,2710.2292996645,1625.2814412117,1710.5764234066,192.101374983788,2879.63129234314,4540.51402151585,4113.60431671143,3903.40287148952,3924.03568899632,45617.7354726791,53287.3104333878,45267.7690887451,39343.2577383518,35927.4507213831,4.183,10.6,9.206,10.171,1.141,17.45,11.531,13.871,23.283,24.505,-18024.7680892944,-24952.0284283161,-12389.5147633553,-6922.06714808941,-9654.49834275246,7659.86343765259,8030.42754709721,4190.62113761902,4642.11664974689,4314.97883808613,2327.13104438782,929.008154273033,796.218016147614,494.521017670631,250.518167376518
PGE POLSKA GRUPA ENERGETYCZNA S.A,Yes,PL,Electricity,24420.0774215162,16884.9111210108,13033.0050465167,12232.5987741351,10289.3851410151,-1273.69764745235,756.054359436035,978.325132191181,29.2677730321884,-1042.99965563416,2157.30633065104,1749.05724558234,2066.74878756702,1247.87141382694,1963.82010394335,28829.2263008654,24030.6244087815,21988.6701538861,21709.7697526217,20446.5850189328,-4.22,5.53,9.206,0.683,-12.036,42.184,51.412,54.093,53.314,55.553,-18864.5498335361,-14402.7446753383,-11042.118328616,-9893.83763819933,-7582.74705460668,3013.72314468026,1704.07564607263,1373.64533288777,1656.82202428579,2067.56710326672,1533.16398784518,2700.48622915149,1658.37439955771,1114.57001119852,345.735558658838
NORSK HYDRO ASA,Yes,NO,Crude_Oil,19435.3003201559,21443.0025971532,17178.6842671335,16423.0945404917,17155.238983117,352.310725383461,2449.69580534101,1378.68476390839,216.295422390103,-206.264234535396,1710.71783427894,3355.27392266691,2317.57362327725,1652.75494030118,874.031880632043,20301.0820497125,20143.8139217198,19785.9404209852,19274.0909508467,18724.4872566834,3.312,15.308,12.142,1.862,-1.033,51.914,54.274,50.644,47.105,51.144,-12147.2962300926,-13120.9942628294,-10072.9021776244,-9916.99857497215,-11101.8221960813,2291.15049181134,4008.82363574207,2935.37405736744,2274.09138402343,1125.85420120507,2420.64901967347,3022.8195527941,2598.97951012105,2067.76079139113,1399.31661264598
PJSC TATNEFT,Yes,RU,Crude_Oil,18229.9579046462,21306.8987784516,17343.2344940472,10012.31827942,15474.6983476505,3210.24022415932,4045.80769345537,2670.6831821464,1400.86663152091,3105.6915069744,4066.594920123,5057.38757132366,3294.09654213022,2053.54405322392,4147.13037697412,22803.1183205275,23825.6547642676,20221.2465325864,17102.2546892976,20008.4813404102,22.355,24.5,19.97,18.528,26.341,58.536,65.904,62.796,65.819,60.722,-3448.46526724193,-1892.27651484869,-1682.19982001465,-1202.81774094421,-937.651977602392,5069.45701410715,7276.26085020415,4199.82603754103,2661.02393233683,5524.22494146787,937.859192122705,2386.5505483821,894.934342334978,542.871352373622,406.376163741574
HERA SPA,Yes,IT,Electricity,17199.4432188988,22004.1607626677,12408.0894083977,9260.67299294472,8362.13915104866,487.747218894959,272.196189403534,377.722202539444,371.442957937717,433.295323574543,1069.19847984314,782.670704483986,909.931087017059,932.350047707558,920.513840126991,16663.4074783325,18258.5833397508,15892.0812141895,13540.7953493595,11642.1297039151,4.217,1.982,3.714,5.759,7.095,24.878,21.291,24.351,28.594,29.045,-14727.5571095467,-20090.2546409369,-10344.1518681049,-7160.73796182871,-6387.8762481451,1772.75229558945,1290.69204074144,1396.49617910385,1385.39510905743,1225.4045604229,1472.74466094971,2071.76284599304,1003.03083229065,1211.26971846819,408.917546749115
VESTAS WIND SYSTEMS A/S,Yes,DK,Electricity,17052.3676528931,15450.7601869106,17653.8409924507,18237.1497881413,13645.9380229712,85.0850381851196,-1676.69439554214,151.768441200256,938.730964064598,790.873497009277,943.67042350769,-516.234152317047,1263.98194313049,1778.0668848753,1404.24981713295,24877.9811649323,21427.9837191105,22253.3308410645,22284.1232776642,16099.4433034658,0.661,-11.708,1.437,6.284,7.483,13.512,15.231,23.906,25.898,23.341,-15207.0168247223,-14925.9932386875,-15393.1707787514,-15949.8366940022,-11387.9043170214,1018.81045722961,-541.832540035248,1439.53499078751,1748.61650168896,1741.26977324486,3633.2416305542,2508.64199638367,2711.44513607025,3758.60515415668,3244.37877750397
A2A S.P.A.,Yes,IT,Electricity,16307.5973186493,24708.8437449932,13080.4009509087,8420.35539269447,8227.78052854538,728.195326805115,427.706394791603,570.830554962158,446.664144992828,437.002543091774,1615.51072502136,1202.05762326717,1339.86616373062,1133.8397526741,1011.05986833572,20771.7993221283,22790.0312656164,20395.8663368225,15002.5160348415,12048.4634310007,5.956,3.263,5.109,6.835,7.933,25.545,20.906,23.895,33.666,34.042,-12808.0607481003,-21867.4227082729,-10293.0715942383,-5755.09571433067,-5792.24964570999,2177.95597743988,1605.23222982883,1617.35323905945,1477.42755651474,1386.27541947365,1800.04580783844,2756.09307765961,1091.82669639587,1241.82449102402,487.55553650856
CEZ A.S.,Yes,CZ,Electricity,15205.8006147109,12744.1191863716,10362.3983926512,9986.67451266199,9115.0704421401,1319.44938896596,3572.07286280394,446.038918789476,254.266619846225,635.383077252656,3135.50227373838,4893.83621397614,2606.62392557412,2701.82831209898,2132.92966634408,36904.0483904444,48964.449865222,53896.4528730847,32845.094013229,31146.9001789615,23.223,34.565,5.902,3.702,8.929,29.742,23.502,13.764,33.961,36.244,-8073.82897339761,-7163.51254552603,-5798.59705628827,-5625.84768295288,-5233.85371400043,4973.36423932016,4040.28121009469,3102.45556607097,2791.60247725248,2356.57142435014,486.771533146501,1618.72125658393,1213.61217409372,283.536738276482,431.236479412764
HELLENIQ ENERGY HOLDINGS SOCIETE ANONYME,Yes,GR,Crude_Oil,14217.7496607513,15526.5687455386,10482.7255157232,7157.10942920029,9987.50214438736,527.894096912384,948.741311405301,382.189178152084,-485.719034395814,180.640449676275,883.132971339226,1283.69514809847,676.81702653408,-174.772071920037,447.367030142069,8959.67883599377,9132.22481846809,8870.79290173531,8313.28852462053,7967.67414341748,4.695,9.761,4.398,-9.974,2.328,36.338,31.855,27.183,27.29,32.803,-12329.4132082891,-13068.8558081198,-9160.49054097891,-6834.69154247344,-8783.84548173237,1190.30984919643,1754.27884231806,745.331416933537,-306.276622542143,649.778968983173,1016.00044096851,960.127260942459,1192.19547044277,1476.07774728537,1222.48147400355
AKER BP ASA,Yes,NO,Crude_Oil,13669.7,12973.907,5693.558,2920.252,3378.97,1335.7,1602.94,827.928,44.715,141.051,4632.0,4420.766,2283.371,1739.661,1099.733,39046.5,37561.78,16708.025,12420.091,12226.786,64.113,67.65,50.861,5.605,32.088,31.66,33.086,13.148,16.001,19.364,-1060.0,-932.87,-745.313,-627.975,-720.321,12285.4,11746.266,4565.951,2068.721,2317.805,3366.9,2756.012,1970.906,537.801,107.104
SSE PLC,Yes,GB,Electricity,13342.1371099353,16824.2482561111,11695.6043861389,11253.583990097,11847.7831253052,2157.36876934767,-74.9955456733704,4039.63387641907,3197.10190582275,-15.4506206512451,3240.78284293413,753.544352483749,5320.41976737976,4019.91382217407,609.372478485107,35655.8003994226,33585.1339389801,33805.3709926605,29718.6781082153,25996.2254680634,23.587,-1.512,37.96,31.153,3.52,41.751,40.958,35.602,30.943,23.394,-6619.04197692871,-14826.9658936977,-4424.34216156006,-4962.19725799561,-7970.54257659912,4524.10510122776,760.103368854523,5983.65107574463,4297.67134094238,1479.67503852844,1306.52926522493,1103.64732065201,1377.25828590393,2202.51527023315,203.453772735596
TAURON POLSKA ENERGIA SA,Yes,PL,Electricity,12984.4987228513,8631.2419705689,6224.87690480053,5687.526512146,5466.9726178498,425.158851593733,-30.4420925974846,83.2512322962284,-577.373340725899,-2.87226464116573,992.376159876585,472.988334238529,600.738921806216,-40.7088115811348,521.585405925661,12655.1467373967,10295.7883322239,9870.68974636495,10561.941075325,11037.6709063251,4.505,0.35,4.451,-10.194,-0.074,36.052,36.659,41.233,42.138,45.548,-11066.0742335021,-7493.75273448229,-5152.21679636836,-5262.34559118748,-4548.22710952708,1441.1690659821,865.327841073275,851.231534957886,132.237119972706,604.763114388257,275.476506352425,381.207696855068,200.738918110728,245.051081478596,325.974125143051
STATKRAFT AS,No,NO,Electricity,12147.3945585117,16851.6231650263,9678.91126030684,4498.47585254908,5459.33934510499,2501.37665169686,2836.51123142242,1759.9772689268,389.097293719649,1242.59679667652,2800.09838870913,3400.81144922972,1840.36275392771,1027.43256467581,1662.64234994352,31293.0193562061,34602.0293153524,35147.8446998894,21249.3546754271,20221.8676495254,41.268,35.4,38.356,12.908,39.553,45.429,38.599,34.766,54.082,56.753,-77.2861373573542,-68.0527401417494,-56.4625832587481,-60.1406784206629,-47.4943046942353,5069.12498623878,5856.18676790595,3450.79354229569,1312.3094624579,2353.75851513445,3865.29015205801,5940.16242936254,4174.6030433476,1304.10313206911,1309.33939272165
VERBUND AG,Yes,AT,Electricity,11595.1061237412,11091.0806424326,5455.33587314844,4011.0489304328,4412.60677897263,2504.09134880543,1831.36518713295,989.389794187546,774.823629341722,623.281336633802,3596.40975402451,2401.44341481626,1342.90719555616,1229.89954003215,1033.81994937181,21531.2838429756,20432.4666871476,19380.5717084026,14791.7028293979,13299.5140866839,33.902,24.351,26.252,29.455,20.686,57.586,43.447,37.185,57.025,55.479,-6263.38922593212,-7812.29941895247,-3242.28244157553,-1712.31645021319,-2475.08017468512,4365.56413421154,2455.65120060802,1481.77192145348,1585.89454488933,1326.41618166876,1065.26909807968,436.507973768711,360.803419146538,60.376966829896,50.1429524701834
DRAX GROUP PLC,Yes,GB,Electricity,10347.972213316,9383.22913476229,6924.42035341263,5938.62212643623,6188.75548219681,715.98956079483,102.698648202419,107.068970620632,-211.901932966709,0.656075000762939,1092.70551967621,441.688663244247,374.94290715456,44.017627620697,273.452060317993,7690.20164337158,7161.5110226512,7824.49827456474,5626.8753308177,6144.53602714539,9.801,1.004,2.858,-4.285,-0.059,32.84,22.314,22.437,31.944,36.636,-7599.39755997658,-8148.31107711792,-5690.10454154015,-5150.46503187418,-5221.17607107162,1579.58351521492,580.470620274544,601.037107348442,173.654908967018,379.342565441132,483.312056779861,287.218311071396,426.395122647285,388.911844038963,530.239815616608
S.C. OMV PETROM S.A.,Yes,RO,Crude_Oil,8747.84701558068,13497.883378327,5975.39526181817,5054.60387183189,6016.75285317689,896.432239597142,2222.60390330434,655.350403314829,325.506790909767,853.029965955466,1611.80882443205,3315.33251520336,1433.12284462154,1080.94295932174,1677.26017537102,12935.7402255312,12623.6029615127,11432.9283948839,12007.2661420119,11147.0219281809,12.937,19.272,13.011,7.376,16.683,67.712,69.239,68.469,69.447,70.536,-5153.6590508768,-7727.03365440652,-3357.09155050516,-2949.74013882101,-3321.03602782175,2416.23296615034,3718.63808830976,1667.07850453258,1316.87335550308,1859.35274410263,2966.91805858478,3076.02167814925,2361.78415997326,1878.6282430315,1646.06180818945
PUBLIC POWER CORPORATION S.A.,Yes,GR,Electricity,8554.06077895737,12027.5485935265,6607.44635350943,5828.82842993557,5659.64914397776,473.296022409439,-20.2685900753736,-20.8443760585785,23.8560374802351,-1893.8173627795,1215.97238071346,662.760390215516,733.748313589096,936.87313572526,-1134.72260083187,26355.4806430159,20827.717526111,20136.7092648697,16792.8465501153,15247.3512548287,8.038,-0.231,-2.568,0.974,-40.848,22.464,23.966,28.567,22.557,22.403,-2264.19795114422,-5164.24753645599,-146.116765666008,-150.854679474831,-141.611291958809,1548.87477511597,1170.99291317165,2249.97733419657,1917.70464965403,684.068502717853,2872.78249926949,3369.90401756048,3207.92161344767,1000.87127258778,322.322515825868
MVV ENERGIE AG,Yes,DE,Electricity,7242.34833713758,5816.71884149426,4989.40861669326,4088.32385849929,4058.95412807643,1107.18899638295,-284.744073145688,230.164001965284,109.939299235702,50.0708873230219,1326.35650256193,-78.8057893747687,466.259928560019,362.012558577418,249.876409528255,10120.9528569754,23715.2162923767,17148.1114667048,5890.67224959445,5250.89016889751,14.946,-0.013,11.356,4.615,3.016,25.708,10.054,11.875,30.495,31.838,-5803.32046168542,-5111.52385641897,-3812.01826244521,-2927.90056985939,-3030.28557096541,634.509312101722,113.689021970987,479.268941484451,513.613608209848,423.036549466252,1032.942042835,1837.49681926525,1456.8438677547,401.789320829511,389.351428892612
NORDEX SE,Yes,DE,Electricity,7206.48946918392,6252.47232933879,6197.11658811808,6178.97262533307,3711.69514224815,-334.628405177116,-530.91162787497,-260.674756364822,-159.160914632678,-81.5251273834705,-126.336916698456,-336.347882224321,-79.4598397707939,32.0137936228514,79.5793988368511,5991.34694384289,5073.45005521953,4652.30300095081,5411.56926545501,4496.68539422357,-4.763,-8.911,-4.089,-2.984,-2.413,18.04,18.46,25.864,17.54,18.622,-6130.19578115654,-5588.60587545395,-5267.34347631455,-5064.45232402921,-2850.81810675502,18.2269831800461,-264.294820394516,59.5985607790947,125.897933923006,169.741224295616,1023.14537417507,675.734506390691,888.456985187531,955.121329407096,572.931678590536
PUBLICHNOE AKTSIONERNOE OBSCHESTVO FEDERALNAYA GYDROGENERIRUYUSCHAYA KOMPANIYA-RUSGYDRO,Yes,RU,Electricity,6354.22877715901,6667.29692917969,6232.06071508303,5830.65896538645,6587.42271326669,374.686538088135,299.641015093774,559.975010300055,627.45938581042,82.8033634908497,1066.70542435441,1020.16704683378,1418.71463116258,1373.98363673687,1364.656291008,12982.2167737698,14123.3338581398,12524.6254364951,12751.6223521577,14944.0040634591,9.136,7.451,11.858,15.279,1.927,55.413,63.438,67.637,64.641,61.6,-2383.38770286553,-2606.54699303769,-2115.95768518746,-1855.06200261042,-2094.9929414466,1509.36069138721,1339.92535346095,1677.62332120445,1634.74597889185,1593.1974511072,360.84972827509,524.94046310056,805.006140714511,789.041615788825,663.05689840205
ENERGA S.A.,Yes,PL,Electricity,5720.71183994412,4779.18135800958,3504.18722449243,3423.53123277426,3269.34706497192,156.797974556684,229.224413663149,238.423647522926,-104.565770924091,-250.678028821945,459.974609315395,486.84630176425,683.497543260455,172.147719562054,165.363237500191,8050.57218149304,6190.19506788254,5231.03453108668,5233.07781815529,5520.97293099761,4.878,5.595,8.92,-1.702,-6.113,39.275,42.352,46.812,44.453,44.184,-5272.42719307542,-3785.72411227226,-2257.14287799597,-2722.16896265745,-2485.45159038901,-228.716656565666,536.144317388535,906.650254681706,480.523619055748,583.511041879654,132.40153118968,249.897775053978,83.7438431382179,58.8016167283058,384.706512719393
PUBLIC JOINT STOCK COMPANY T PLUS,No,RU,Electricity,5426.30399079248,6271.98859625682,5696.70457632374,5250.11622606218,6289.77644411288,185.085449554026,284.414429063909,213.641732692719,281.824748944491,182.697237823159,712.868873655796,767.954501390457,722.090750506148,764.405638695694,668.888348698616,5556.16484807897,6695.53222316224,5871.7825763952,5932.74937156029,7114.11090417951,4.187,5.917,4.76,6.092,4.186,46.126,47.163,47.979,45.348,42.296,-2685.96896370873,-3150.45315713156,-2945.95958558004,-2695.32479275111,-3274.20588230342,934.570022989064,1092.20543284062,1000.9879721161,943.706821429543,1135.95359488949,220.106738532893,299.285585914738,187.744133543223,162.52976755891,194.877053678036
ACEA SPA,Yes,IT,Electricity,5137.56499567604,5476.05829745293,4498.73825566292,4147.25449847102,3579.41593287408,324.76738075161,298.35454185307,354.855002331734,349.66071827352,318.692810898542,688.498183989525,932.59299515307,973.96264539957,961.071533910036,778.789084782958,13024.7115653305,12093.6734954005,12038.2795516062,11870.4849623644,10059.3896244259,10.221,9.699,12.664,13.646,13.508,23.951,24.3,23.675,24.016,23.527,-2784.91506983566,-3093.54809015274,-2683.42233926296,-2358.53025618017,-1605.60800691128,1181.49084023857,1387.37288475513,1422.70908061981,1418.29118707657,1170.91629731858,397.115078220367,597.197586271763,771.096941328049,788.054213988185,938.817393943429
ELECNOR SA,Yes,ES,Electricity,4473.30610256481,3901.38734276116,3563.54451878786,3033.2888460505,2772.79911031497,121.614144578934,109.660293186307,97.2711122059822,96.0855564433336,141.971903311849,235.084435503006,228.09870016098,198.960498211384,184.564324329495,250.066560635328,4503.75328622913,3794.87031826675,3721.61248289824,3738.5187657243,3346.88227375555,4.129,4.536,4.515,5.095,7.701,22.709,23.42,19.284,19.692,24.749,-2245.98201796913,-1930.97917973936,-1791.57887915611,-1519.03235826194,-1342.45159118056,331.559818799973,306.502295343876,291.669496378899,262.445862665772,241.593878938675,350.306152213097,397.334974363446,439.567842328548,480.566444437504,365.235266837597
ELIA GROUP SA,Yes,BE,Electricity,4305.74493236542,4274.07746934891,3148.40233469009,2949.82400590181,2616.95995920897,358.572660923004,364.457045137882,312.597684860229,306.897534787655,307.36219997406,974.610437393188,912.475862205029,842.767888784409,837.495271861553,728.187785172462,21426.070115757,21965.8698410392,20550.2397587299,18609.6971354485,15607.8435274839,14.246,13.868,15.595,18.179,18.463,28.454,27.951,27.217,29.672,31.181,-2536.52863836288,-2799.18369698524,-1728.57458925247,-1396.31629282236,-1217.76544141769,1382.46612043381,1206.21736127138,1163.52029585838,1254.09548401833,1072.39750034809,1511.75117845535,4427.66779565811,3453.8646376133,724.111296594143,1095.3148573637
EVN AG,Yes,AT,Electricity,4090.23547390699,4043.56957195401,3015.98361942768,2545.55355532169,2481.8208117485,561.163907516003,204.318165493011,376.665056014061,233.808777940273,329.283350944519,921.783492410183,616.85369811058,897.836103391647,605.303646445274,577.770324110985,11649.1567435265,12117.2564702332,12898.7807899952,9794.56231154203,8916.56629478931,16.993,7.259,14.067,11.834,16.387,58.788,58.896,58.747,54.309,55.591,-2473.27403905392,-2915.14061978459,-1813.15650541782,-1442.07447065115,-1466.31269967556,918.49935400486,738.508789014816,969.510148787498,690.537892985344,684.591411173344,74.3698438882828,284.641719102859,141.842820048332,251.253699278831,268.522732615471
HARBOUR ENERGY PLC,Yes,GB,Crude_Oil,3751.0,5431.2,3618.0,949.4,1596.5,32.0,8.2,101.1,-1302.2,164.3,1728.0,1376.6,1620.0,-630.9,922.2,9897.0,12565.8,14504.6,4660.0,6092.4,15.916,45.327,8.693,-63.756,6.934,15.56,8.128,3.264,-3.496,18.572,-935.0,-1306.8,-1051.5,-324.7,-342.8,2609.0,3897.2,2159.2,322.9,1216.9,280.0,499.7,698.7,108.3,198.1
TERNA S.P.A.,Yes,IT,Electricity,3545.50459117889,3210.67777955532,3000.82451462746,3160.88508540392,2627.85693778992,978.367439079285,914.075761437416,894.074682712555,963.88649970293,850.750709211826,1868.66633863449,1686.72043073177,1637.40026450157,1753.40218895674,1510.18642333746,25907.7311270714,24321.5614708066,25324.0367946625,25315.4266770482,20225.3539461732,38.92,40.12,41.989,42.436,46.058,27.055,27.054,21.079,21.404,23.506,-374.926668262482,-312.620310008526,-255.061589241028,-273.152304053307,-160.421499109268,2361.16505966187,2194.74176698923,2128.38249778748,2245.46900802851,1950.67150597572,1522.91168346405,2298.6285571456,1774.55816173553,3299.67001616955,1187.8830053091
SOCIETATEA ENERGETICA ELECTRIC S.A.,Yes,RO,Electricity,2961.68561933783,2772.80867015378,1687.28922598213,1680.91821803105,1511.42159685351,171.764093604997,-51.8607865128815,-126.497357745767,97.7163337900043,48.5066195289642,288.42431162408,55.2149055470675,-16.485231243372,221.497971315444,161.225594940037,2840.85083832832,2302.62699090831,1803.63237499237,2032.7326222955,1834.69587161815,6.744,-2.238,-8.575,6.635,3.51,41.967,42.804,62.838,71.451,71.502,-2014.76403334272,-2267.03686429442,-1302.93179935575,-984.796973407566,-905.843288544551,398.605816076338,104.850041507512,-12.3735328772664,223.939726105034,167.816610854879,83.9038671373576,72.2580161467642,50.7538839548826,143.955867437661,142.580269713432
AB IGNITIS GROUP,Yes,LT,Electricity,2816.75676412582,4678.53199529648,2140.62590711117,1496.2819372505,1233.56381356037,353.821158790588,312.940289855003,174.311717720032,209.597150037885,63.6574527102709,525.31723575592,474.956752121449,345.260745127201,355.995004857182,202.482713031888,5795.06460075378,5622.68586230278,4814.9704549098,4811.37536451459,3592.72934454036,13.883,7.69,8.913,15.972,6.025,43.158,40.322,43.493,46.246,42.17,-1942.25937166214,-3849.03757327795,-1562.93745728731,-865.999561488032,-816.317380295873,560.677251625061,578.096922636032,380.706604349613,409.34069270134,251.166369092107,226.856601810455,740.326704800129,508.62021787405,808.406882968545,148.105666513085
PUBLICHNOE AKTSIONERNOE OBSCHESTVO ROSSETI MOSKOVSKIY REGION,Yes,RU,Electricity,2727.6025530199,2946.20068965318,2565.22772768036,2290.87597034944,2695.17712964412,293.112657184972,191.23751818931,140.764085007096,64.3625189108904,130.954520884098,762.089594982398,854.154621823939,521.735616841532,433.422504712092,498.268674430121,4666.91483711798,5523.40824085506,5147.01172050347,4836.06722361986,5600.62973400561,14.114,8.314,7.275,3.908,7.016,51.67,48.994,48.535,49.659,50.167,-338.508621145718,-391.811165710172,-363.879614426522,-309.376569897858,-355.197627503505,906.083220405606,848.167658994935,707.27086285314,617.606687004562,741.930526690694,58.7539264965616,219.85701689723,143.408951351836,18.0828748676134,32.1698659354858
PUBLICHNOE AKTSIONERNOE OBSHCHESTVO NEFTEGAZOVAYA KOMPANIYA RUSSNEFT,Yes,RU,Crude_Oil,2662.93705301321,3906.43316417732,3085.91756070259,1784.25713508092,3106.38372112428,354.394516430666,119.531188338692,261.724798203848,-197.100757401142,241.789520568123,558.392688503127,344.029982359617,433.702072268198,-50.2589093301147,365.099591643093,4066.14558617016,4433.41226952866,3957.67690341114,3960.81241208115,4724.33181802955,17.65,4.5,11.41,-12.594,10.337,33.684,32.608,32.556,27.549,33.531,-1794.8649540295,-3023.39697860317,-2049.88232996867,-1369.77910115839,-2290.3778643693,651.491528157694,617.243188800738,820.651373007358,219.229319939987,594.932393752588,106.129758430967,21.9116117664948,113.998848984639,55.0850566339055,21.8882275361456
"AUDAX RENOVABLES, S.A.",Yes,ES,Electricity,2533.93741219997,2808.33832039297,1914.07413280964,1189.42735093832,1172.59240990031,32.078164396286,3.77469558894634,3.21431967258453,32.3770150154829,28.5534540816546,57.6301958637238,8.6607878446579,28.0952832269669,56.4944246464968,58.017985444665,1431.16680729008,1404.50887213349,1528.0069312048,1407.0116903162,869.79570693171,1.963,0.478,0.264,3.513,3.165,13.377,10.311,11.039,13.173,20.112,-2273.99267553997,-2670.71818822145,-1768.24844542265,-1048.45327502251,-1032.9369570868,148.040231438637,48.9686491054296,64.0983818006516,81.5211148583889,80.6309010999203,254.366694156647,219.643766017556,276.523232467175,451.858456327319,168.620071241617
"REDEIA CORPORACION, S.A.",Yes,ES,Electricity,2376.6660066185,2248.91328839839,2223.9762289381,2457.80627080202,2277.14386086118,762.052541999817,709.001744429469,771.705147693157,762.255678316951,806.646030955315,1356.03671857262,1290.28993273437,1362.22482640028,1434.93188067615,1397.02523267376,16005.7631181898,15765.9616676807,15838.8240825319,15760.9726137275,14224.4440116358,42.315,41.239,45.264,40.24,46.804,38.171,33.111,26.352,27.187,28.546,-50.5990777082443,-39.5292436343431,-21.1286587357521,-33.5084005695581,-38.7606651524305,1686.85618704033,1607.40169318795,1697.35672697783,1924.72733894467,1777.68814970231,746.33611994648,847.758871655464,1783.19650428057,591.182083685398,369.115489932299
ENERGIEDIENST HOLDING AG,Yes,CH,Electricity,2189.33748254776,1622.72446143627,1287.76654958725,1286.4909055233,1071.94814040661,118.34555311203,105.700009286404,82.3400423526764,52.8879798054695,11.4586785078049,180.778081130981,166.389520168304,146.558479785919,115.101914286613,72.4592905640602,2008.22790126801,1765.86211276054,1885.32647180557,1800.64551198483,1608.59625052214,5.895,7.487,7.933,3.758,0.922,57.813,57.737,47.158,49.727,49.368,-1756.61928834915,-1323.86328482628,-961.351140975952,-970.6355458498,-808.173854756355,201.994090652466,163.723021447659,164.227044582367,107.862028419971,54.5972328901291,76.9080345153809,129.271857976913,337.85467171669,148.969854950905,121.214844214916
SOCIETATEA NATIONALA DE GAZE NATURALE ROMGAZ S.A.,Yes,RO,Natural_Gas,2030.38261092487,2899.86645353807,1384.47754739761,1034.41320884603,1203.36418310282,625.496917969242,549.499851642966,438.154301414788,314.650513109207,255.732027709946,731.49985569419,668.188843720734,595.056399902403,484.106631361663,574.510198358908,3662.44722996935,3091.54167995112,2583.7904753533,2335.14032212418,1937.00084004374,55.514,30.91,35.651,34.772,24.87,70.215,70.327,79.529,84.085,86.925,-49.4546028434336,-65.5530146036744,-65.8814379346371,-23.4619251519442,-24.3710106682777,1234.95975943977,1016.68429270871,573.199946643412,548.355241226971,657.482646649986,119.046667631418,406.482114786774,819.185029791594,105.121779697716,85.4165902893394
FJORDKRAFT HOLDING ASA,Yes,NO,Electricity,1860.43248843674,2588.38891246799,1709.23407324333,532.973726161391,811.747484991334,18.9073750383854,7.48955395118892,29.1416090610698,46.9007022046894,42.1603639809489,55.4825970648676,51.0229222458303,75.9494307186156,82.6772546342164,65.0455573402345,819.5324660239,1457.61241188696,1147.10007731219,601.331637666926,342.621863950342,1.256,0.504,2.223,11.299,6.881,18.224,8.629,16.548,37.9,33.349,-1690.51390070723,-2416.1784616528,-1514.41571202176,-310.317108153775,-663.712293068007,75.0421845066771,74.7806307867318,90.6514710726887,131.35392396833,77.866513912946,33.308358632639,7.1549697638154,34.7650782720149,70.2635386551023,88.3298395332098
SOCIETATEA NATIONALA NUCLEARELECTRICA S.A.,Yes,RO,Electricity,1694.56695553127,1393.67820988043,732.587916966081,630.399866302371,567.363652953967,553.067983169541,595.960819374919,237.041664449573,176.301301960409,125.695412042901,693.632512250975,726.594963196114,365.821036524177,313.656816741407,256.082431397617,2924.83789422092,2544.48756257978,2202.18569705158,2230.01627313763,2067.86805092221,37.317,49.392,37.599,32.61,26.109,89.221,89.314,86.905,85.019,83.247,-75.0355899406224,-154.011781703338,-99.4508891433477,-55.0791701009273,-51.3527987120748,703.911661839455,774.281926704988,403.867344999015,333.175726465881,291.046758105218,796.671350103244,584.24114555949,307.312788258791,137.888797657907,420.930820257872
LECHWERKE AG,Yes,DE,Electricity,1639.76106590462,2500.85795331836,1752.93795446634,1560.39664854646,1686.16251682115,151.414902953148,22.7761654722691,125.951949791908,143.134997782111,157.161392733812,163.346698307991,32.9920553708076,135.036536858082,151.74064516902,215.022102198958,1962.74718585682,1899.12625262201,2041.60039702892,2090.74160316467,2179.36313759458,11.696,2.769,8.935,12.225,11.889,29.933,27.738,31.72,32.857,27.96,-1463.88808197498,-2364.52520672917,-1640.03129501581,-1398.45144560337,-1403.52859442687,219.10833833313,68.9588567143679,109.51225632906,143.117818391919,160.7192000705,0.997815447807312,0.276249267458916,3.5994037771225,1.82469665825367,0.545972328901291
JOINT STOCK COMPANY ENERGOSBYT PLUS,Yes,RU,Electricity,1552.34678704613,1714.3990250298,1568.23930593769,1387.74969282272,1618.5068015352,54.3397834711345,38.8395804077322,28.33898628096,19.0810109549174,5.10476436016336,64.4133378062593,51.3133958803043,36.0487311604042,23.6237497683791,8.92063282236829,320.649748417702,383.957631004546,263.55868203884,242.219085849501,218.303588725932,4.523,2.869,2.334,1.726,0.451,34.448,33.496,31.482,22.684,18.103,-842.912742542827,-1011.36320824075,-944.431478677007,-845.466449952811,-991.631193035802,98.610639743383,81.4248725444768,70.3967949820654,54.5037558645168,40.9088999649622,25.6926589792939,61.7794345720084,71.6018678805353,53.8837549530901,53.4315437135901
PUBLICHNOE AKTSIONERNOE OBSCHESTVO ROSSETI TSENTR I PRIVOLZHE,Yes,RU,Electricity,1499.75968473419,1634.0598891071,1459.50286525258,1330.4594590502,1584.08837036473,156.348357924086,157.028725035056,133.960769558175,87.0263860377157,108.012464665273,296.361129819163,308.791624611036,262.568691124159,202.370216930098,219.119927153043,1874.87183015849,2157.68688500229,1756.33175142124,1600.46683062441,1767.31376635657,14.093,12.51,11.919,8.376,8.925,51.943,48.307,52.581,51.92,50.223,-219.15100633019,-242.191518300941,-213.297714585097,-204.734025395933,-249.034201036699,436.171545339303,444.756806117943,372.480915115356,288.001529851785,363.860271149456,163.148375041249,117.772140897313,5.26481769154686,23.8709487868818,33.2341621522158
ERG SPA,Yes,IT,Electricity,1471.52474040222,2328.1872287637,1407.37593765736,1221.66693083227,1173.26644981253,197.428228603363,404.175076881647,195.823195359707,132.386835018396,35.4466355839968,445.895325112343,704.378035647869,518.71621701479,516.812503544092,379.237322614193,5745.22355338573,5574.45956644118,6799.95556036949,5555.01349226058,5170.79720403802,19.406,22.171,19.459,6.657,5.008,41.154,39.314,26.127,39.049,38.805,-466.178714215279,-1444.30156584144,-447.220822606087,-346.325462377667,-398.478915308476,643.441788768768,594.274037074447,663.617702550888,574.752451165318,556.436798538566,516.662871871948,418.972011582255,974.434939727783,804.445806429982,734.17325959301
INTERREGIONAL DISTRIBUTION GRID COMPANY OF CENTRE PUBLIC JOINT-STOCK COMPANY,Yes,RU,Electricity,1467.57425048399,1656.58552610613,1477.37697360861,1342.48408996184,1563.23305259676,87.8791623837231,68.8837530025626,57.2184974522768,27.763676820117,48.2680125496071,244.229215066142,249.721626670812,240.430093494457,240.511325331906,209.271592971861,1658.56953419091,1987.61409391981,1754.5449920637,1651.37247496198,1903.90330973777,8.377,6.529,5.839,3.341,4.508,40.768,37.801,39.295,39.236,38.914,-301.272673265678,-352.447981253052,-302.917473646048,-260.836859217561,-309.230824777577,337.484005936548,373.933120656206,343.115272088071,294.666915280592,326.457090489652,87.0774524942813,92.4958516988987,25.3261559715886,19.0361788911084,24.5067587161288
PUBLICHNOE AKTSIONERNOE OBSCHESTVO YUNIPRO,Yes,RU,Electricity,1327.16711278465,1512.50588222468,1188.94119781378,1021.55675269636,1302.40446064722,245.771801940642,302.366758816293,110.816620917837,186.119622554409,304.596307923185,476.756458332861,535.985879788426,374.307368869927,301.552400153099,419.853549978646,1853.66315608752,2080.918120486,1715.49056454796,1831.06171494379,2206.39677406897,23.187,24.736,11.652,22.562,28.598,91.726,88.62,85.253,89.113,88.328,-624.882829999818,-692.392248330992,-570.837168702582,-479.215331019008,-586.957893548835,498.468419880186,585.147407898681,412.728839679643,361.345622125771,485.208503423685,559.013772833365,384.964391262746,0.400268662114628,2.60383327122778,49.9716360235047
PUBLICHNOE AKTSIONERNOE OBSCHESTVO ROSSETI LENENERGO,Yes,RU,Electricity,1245.67071132661,1392.9623960364,1278.55012134079,1132.65255603532,1363.14831996067,221.767835843737,282.40575660151,208.002772763147,162.49916209506,193.229305513212,630.659045837801,602.964205396515,500.398835263669,342.773831402868,388.555251635268,2986.79213577569,3626.55429578124,3162.5536445758,2970.88580391092,3464.31957799807,21.878,24.431,20.373,17.817,18.229,68.503,64.994,65.792,66.051,64.522,-164.885970621333,-192.75960810561,-186.018335841896,-165.930588225352,-199.025880183212,596.849297222427,675.263732329776,589.275142092901,445.155172222677,560.268169375151,258.160574554622,212.91460356631,71.0042040565042,25.2558426420456,134.106330924582
ATLANTICA SUSTAINABLE INFRASTRUCTURE PLC,Yes,GB,Electricity,1200.981,1182.811,1286.42,1112.785,1105.226,43.38,-5.443,-30.08,11.968,62.135,461.651,468.195,409.361,420.572,372.89,8714.333,9100.911,9751.93,9938.354,9659.815,3.101,-0.996,1.967,3.752,9.551,18.232,19.658,17.931,17.517,17.752,-35.38,-19.639,-70.69,-7.792,-9.719,760.276,751.331,793.331,781.657,811.204,271.329,393.43,368.381,588.69,223.867
STATNETT SF,No,NO,Electricity,1140.60966074467,2331.94732351601,1634.01355406642,1265.06444607675,1100.79725388438,-257.325472600758,603.346871986985,374.943298868835,316.178186550736,217.084279969335,66.2733544260263,914.705906614661,728.571405664086,652.989432364702,491.00227227062,8879.35122364014,8842.19090390205,9574.37611620128,9716.88134677708,8692.82450162619,-28.983,33.18,29.413,31.693,25.246,26.708,30.944,25.421,22.849,23.3,-50.9341210573912,-33.7728203684092,-13.8321991115808,-121.570923045278,-40.8883822187781,171.484762787819,1166.7343108654,903.061196096241,793.786615177989,621.412293553352,136.87315928936,89.9594344347715,190.589563168585,92.1453669369221,151.138950429857
PUBLIC JOINT STOCK COMPANY TERRITORIAL GENERATING COMPANY NO 1,Yes,RU,Electricity,1133.90250307059,1404.9955077613,1314.70547146318,1139.18650446546,1467.34349464677,-8.69043084011413,101.338887021791,116.77021514061,91.5497950845351,153.371681961825,91.2796057816139,215.217642474786,217.721371795329,191.328399069459,278.681988949323,2191.9818305032,2696.37240579432,1884.12146230141,1860.86843168624,2122.09442093347,-0.65,9.06,10.969,9.936,12.776,72.254,75.308,79.031,77.161,79.802,-936.55955777506,-1144.44784950909,-1055.08385712872,-904.479225829175,-1150.63494138558,196.261421885489,259.168593037554,259.621614334458,234.70727863628,316.708553261191,5.31500742709078,15.9729730886715,0.0867515730345622,0.0347204841999337,0.470990571459755
ROMANDE ENERGIE HOLDING SA,Yes,CH,Electricity,1094.55511891413,797.659351139665,673.02511916995,637.788248900413,541.371602035999,252.757581552982,51.2493904566765,35.9570520470142,92.0914669904709,33.8215235164165,366.844841693878,140.128891726732,122.86622635603,174.282797716141,102.061554626465,3135.28608914232,2648.7809223038,2507.80990234828,2580.80347248459,2293.52296719587,25.558,8.368,7.038,16.739,8.754,80.774,78.929,83.658,84.844,85.669,-585.121141334057,-412.189545520544,-308.680850276113,-279.641400547028,-222.140047389507,228.397126085758,146.365555651188,145.094779952526,148.175216915131,134.633336389542,134.389623705864,152.749525288343,101.235897831678,117.732638345718,210.175577579021
"REN - REDES ENERGETICAS NACIONAIS, SGPS, S.A.",Yes,PT,Electricity,1081.05403016376,867.009925819039,942.235112986565,921.34910248816,873.756814815879,164.905854007721,119.214891402125,110.035517671108,134.058144264221,133.571119205832,444.694189573288,385.092545437217,384.056836059093,429.991546811461,398.273333135247,6389.07750733948,6881.26899204969,6329.55493987083,6440.62455475211,5959.97886086762,22.513,23.873,21.189,24.266,25.469,26.152,23.522,25.227,26.82,27.258,-1.11384049987793,-0.961006138920784,-1.37271157264709,-0.882284396290779,-1.01555346775055,575.040048070908,523.099853222966,523.392723684311,576.670407370329,547.925921246886,44.3602449083328,389.620260264873,451.634566004276,75.4653798156977,23.6408265213966
C.N.T.E.E. TRANSELECTRICA SA,Yes,RO,Electricity,1050.94467583121,1360.93363629471,865.76566917479,603.353725502551,573.019633174449,48.3664761304557,112.551892837539,0.29835037946701,35.9727666585445,20.8362283909768,124.091598534331,173.229621524364,65.2286820814013,105.291219930947,88.2756778467447,1913.24728279562,1769.28495231616,1665.22914401323,1308.79216580808,1118.80611705293,5.052,9.443,0.06,7.148,4.128,61.56,47.619,46.507,65.984,69.584,-762.881812675774,-1054.7531661521,-692.548335097134,-352.385508621991,-376.691239875287,129.364964869425,190.03797615692,73.0544308385253,115.860306621909,93.1311041632444,117.198275770247,71.9977995140702,60.5523144388199,143.683048490703,79.7103847579658
ZESPOL ELEKTROWNI PATNOW-ADAMOW-KONIN S.A.,Yes,PL,Electricity,1050.38200766668,962.666659333527,608.122173105955,608.764623726904,761.010571762621,189.354519970715,46.1872426844537,-78.0785721499175,-59.1722531631589,-117.223313227862,198.962144324183,57.3951578956246,-44.6965521370768,-17.4257659927011,-68.5351624261141,912.251124230027,1031.27245859787,815.704933644444,765.918463164568,821.087983888566,20.297,7.506,-21.002,-13.246,-15.221,53.25,26.754,15.829,32.983,37.729,-652.60130225271,-832.35292093572,-679.238922531456,-610.590134552121,-793.163978717893,346.376636850834,90.3905242147744,-103.420444305226,-35.5709870606661,-62.0572945825756,135.707503395528,332.307018693119,124.795321349993,132.466206814349,109.180287607729
PUBLICHNOE AKTSIONERNOE OBSCHESTVO FORVARD ENERGO,Yes,RU,Electricity,865.711568218892,1133.7735151013,1110.6397798647,1063.11987953391,1240.39517661942,147.534533067694,159.358662823802,250.951060450393,224.709999131888,260.671934318025,244.611059728243,282.289133179285,366.005573107639,331.672968414713,377.054468591101,2611.36253535622,3090.58433922004,2646.41044197889,2522.70603758627,2986.33301077144,21.336,17.694,28.357,26.643,26.65,50.041,47.827,47.201,57.892,58.221,-589.533828277982,-739.957288089192,-686.610582021458,-654.226050052078,-719.40639646099,276.177739940911,393.816227012112,424.029197843246,408.893829481828,520.988780158434,434.561714468041,328.318775752721,80.659283977259,41.5477767287465,58.4042685315814
PUBLIC JOINT STOCK COMPANY ROSSETI VOLGA,Yes,RU,Electricity,864.583818045363,954.706702380684,880.814982046906,820.515159425391,1024.84894312846,33.1391372027909,-6.70325214493088,13.2303080927376,-1.5866652148068,63.2048282602075,102.295546097567,80.2143376293518,90.0192874070807,69.841776796421,141.362351221712,799.83966787234,961.232424759271,872.64123402927,832.301037939247,948.615443385577,4.954,-0.738,2.049,-0.028,7.789,58.74,57.751,61.236,62.681,66.247,-145.43742572644,-186.716316860312,-167.191265830675,-156.290151373778,-187.199004376894,118.633462419285,97.8772769441651,98.5517656299835,78.4977221018504,164.694306930311,31.8358791942354,5.38342986583617,10.8461944978535,7.63115633961093,15.6828859693185
KUBAN POWER AND ELECTRIFICATION PUBLIC JOINT STOCK COMPANY,Yes,RU,Electricity,851.365907216284,938.227455969395,789.700188506988,682.656806865122,846.341707341794,76.0215292613339,81.0146788375359,25.095971541726,-16.7877940388303,48.7949915053546,152.40291592534,169.172275714469,102.334484181847,60.9438033204284,112.689142420702,1187.78327462683,1240.93222793495,1035.41434790858,1027.54839829667,1137.45856136686,12.221,11.441,5.046,-2.073,8.017,46.816,46.206,46.08,43.221,49.226,-469.112629961345,-504.881049654686,-450.140277201947,-414.546229555819,-482.58803381147,201.438373406773,237.387708123108,168.077774031083,103.761199189545,172.051174164288,146.247397562756,59.1536659689685,26.7100219103405,10.1866381217306,27.7209539672639
KOGENERACJA S.A.,Yes,PL,Electricity,808.351246263087,415.818084340453,358.447540257409,354.956890627742,291.833462847948,64.9801810376346,33.9711035408378,13.8556651526391,32.9754677340388,21.8334770124257,118.376879938692,79.0088164600432,59.6522172998786,76.0100029885769,59.6031777457893,1199.62979126051,802.135054796398,789.866263454988,759.58677957505,681.097733971626,10.113,10.355,5.001,11.826,9.605,45.272,53.583,54.458,59.048,60.351,-470.74690971002,-305.839663797766,-258.011332432955,-241.243078136444,-217.770744559407,132.414745929837,81.5377819435895,62.311330624938,88.0826932936907,66.5344779061675,8.7108009301126,1.1745195427537,5.40000004988909,3.7470731601119,122.490711640209
PUBLICHNOE AKTSIONERNOE OBSCHESTVO ROSSETI SEVERO-ZAPAD,Yes,RU,Electricity,744.858975858359,771.337149321669,694.903305547869,660.828031680498,802.189374106204,-6.14319791548979,-3.68497599089891,-11.8825964945862,-15.438121509159,17.4577791349292,90.0728598002475,97.9826972386669,87.9259833910037,62.7952105352283,98.4781241983976,621.455894853245,780.692258571381,671.157953027068,659.120934439209,796.757240849337,-0.778,-0.392,-1.976,-2.606,2.816,30.441,31.735,35.513,38.166,40.166,-229.299564871288,-186.82200728099,-175.957818507429,-162.724039835416,-191.906567819212,106.547025772179,119.719253025903,101.95398868665,100.643340317144,145.04128560036,41.1671739782933,54.1243146512872,11.6694258720651,11.4041562314238,3.74905716462433
PUBLIC JOINT-STOCK COMPANY TERRITORIAL GENERATION COMPANY NO.2,Yes,RU,Electricity,695.439421470197,1117.07340499816,697.747263051144,742.506502077592,796.233153388334,-172.572881533637,20.5280823613498,-13.0832409574427,-1.37327975167707,34.9446832141373,-136.657306491373,55.0924753006445,40.6523659164924,50.6843672400126,80.2102096194979,659.829259719149,1192.85438917441,1014.35630202883,987.794391425326,1075.52427851282,-25.641,2.723,-6.124,-0.357,5.797,33.513,46.354,41.338,38.143,26.571,-392.256844760736,-474.025887193467,-456.370789983609,-394.968993169991,-426.971456979278,177.368255986242,497.851286048726,74.2106337258378,110.482719451871,116.197866295818,10.4931519690445,9.7848373443326,9.57188186444342,3.78323329768237,6.16402065309137
PUBLICHNOE AKTSIONERNOE OBSCHESTVO EL5 ENERGO,No,RU,Electricity,684.249445083033,726.489735283539,662.871192409401,603.488688388813,1069.59852348819,51.6660792058902,-287.263677317559,34.9783419298604,49.2009700852297,14.4600744568538,88.9084381783092,180.764129222183,92.0656284691906,89.8318959148284,208.865442958547,746.781333545946,929.16125377357,1231.89006429353,1038.73361920199,1131.50594290222,9.555,-49.167,6.589,10.255,1.702,43.998,37.994,46.873,52.858,54.573,-435.134910725638,-482.094897284592,-464.487654813092,-373.268135558736,-646.474046808431,140.342302043364,137.529482192509,93.482902849257,128.433494044511,253.681915383868,10.1312430168111,65.1443110442683,137.540991497977,157.645617418941,180.027370496243
DNO ASA,Yes,NO,Crude_Oil,669.1,1379.8,1004.6,614.9,970.9,18.6,384.9,203.9,-285.9,73.5,189.9,972.9,490.0,351.5,547.3,2638.3,2803.0,2947.8,2708.7,3271.9,22.612,25.112,21.919,-69.231,-4.923,46.803,48.855,34.561,31.218,35.493,-218.4,-244.2,-237.1,-228.6,-229.6,431.4,1115.9,739.3,322.9,549.5,704.5,931.8,720.8,463.5,471.5
JP ELEKTROPRIVREDA BIH D.D. SARAJEVO,Yes,BA,Electricity,643.864208757877,695.183801874399,647.251939057589,662.233786121428,596.716031792641,-79.2618271708488,3.35277488183975,7.14289446568489,4.55177372950315,11.5126258070469,16.57531067729,88.550776547432,97.6616678981781,95.3800355549455,96.1982746948004,3248.29591624439,3862.11472103393,2066.108011868,2267.29255835956,2576.18057432675,-12.425,0.84,1.254,0.999,2.333,49.74,42.391,84.19,82.918,66.331,-440.394332259893,-224.700267674685,-313.28482465291,-324.249045748472,-331.31922880125,51.5078711509705,274.105161566257,105.516765617013,95.8647878406644,128.485000130713,27.8827708959579,90.4752955061197,100.030656424522,80.3753197265267,68.5339909464717
SERICA ENERGY PLC,Yes,GB,Crude_Oil,632.638,812.423,514.136,125.641,261.151,102.984,177.796,79.294,7.779,64.02,212.182,254.683,116.342,46.274,116.651,1238.063,862.382,686.671,447.463,478.338,48.309,60.089,26.278,9.987,41.65,52.926,47.395,39.688,44.662,41.395,-216.866,-141.268,-90.265,-90.065,-112.117,383.419,575.486,304.66,24.41,141.411,263.492,432.529,102.984,89.333,101.825
PUBLICHNOE AKTSIONERNOE OBSCHESTVO ROSSETI YUG,Yes,RU,Electricity,576.871831631392,641.698479247083,593.742195280086,574.540318868042,626.217042302335,33.6118744302392,4.8142882300308,-50.2479648130052,-16.4653470001845,-52.7182652667891,69.5460918141687,45.6829285178715,91.3048932243194,48.4642731526382,-5.75914677432925,554.881639824539,736.277842576318,508.008314438297,579.18341544753,599.084321749335,7.768,1.811,-10.3,-2.249,-10.102,5.201,-0.927,-2.242,6.639,10.92,-300.21717331583,-343.890455081095,-313.499806066912,-292.947676022021,-315.651041557271,97.0124826351134,82.5357877693018,89.0841875575408,85.5718752428871,97.4645018309206,44.9329938931651,23.6384004555848,17.3169196258886,14.3030797777232,9.23740495620668
PUBLICHNOE AKTSIONERNOE OBSCHESTVO TNS ENERGO HUZHIY NOVGOROD,Yes,RU,Electricity,564.451193100857,732.922548474725,682.486887387654,633.029823883697,774.656900366254,-35.8412063706657,-36.220920388273,6.38809240392968,-52.0217894623932,-9.6286613485422,-35.4192784440378,-35.2682848854559,7.45977382237278,-51.0529593588291,-8.48442095586285,190.317792913467,246.564448793613,262.217727506579,275.596543819078,306.468413465207,-7.939,-6.166,1.179,-10.235,-1.316,-60.855,-56.346,-36.309,-32.591,-14.972,-262.826344593636,-371.448059356563,-360.689121741281,-336.096940160584,-402.174918798136,2.85351589445863,25.1805650119167,20.0541908657234,9.93157454130985,12.8230845909156,2.06925532601401,4.41235469721071,3.06455820621736,14.0540127565619,0.825642901822925
ARENDALS FOSSEKOMPANI ASA,Yes,NO,Electricity,535.009057734266,465.165935258985,511.898509982266,451.835861874819,547.468103057817,3.20452317617834,0.582555796384811,12.0985256967023,6.47467744345963,5.10318900750577,34.6611610216498,30.7730231285989,39.8757357077003,37.3465406661928,37.0160588007942,890.848790076703,795.178722916931,775.271857710496,819.095758730039,699.922201536365,7.187,9.28,7.516,3.376,3.849,40.161,48.267,57.164,55.182,54.015,-187.276601869248,-151.261160198674,-179.738089586869,-168.436924195752,-277.872661959782,78.1967568459883,74.2470607928634,80.5982967856005,55.2039845253527,52.2817761655003,189.641302018493,224.390979582593,307.07618082127,206.061659462124,133.804098692536
PUBLIC JOIN-STOCK COMPANY OF ENERGY AND ELECTRIFICATION SAMARAENERGO,Yes,RU,Electricity,495.137617670122,581.686835674258,538.791554892624,537.960129731353,688.086113065386,19.8269442916987,15.9518605954368,10.9698541877633,8.53540498893801,6.33699342255294,25.3146386731686,22.5999216974471,17.1105599104203,11.6487427534545,9.13033888261765,128.543048885666,146.236302836828,123.914331687694,115.943568035837,119.289504169114,5.528,3.51,2.933,2.119,1.393,66.433,62.033,59.959,54.552,48.459,-446.998731945889,-527.726786172354,-492.791052085658,-494.705797211364,-638.976885541696,25.6430092499647,29.2061701108357,19.4618573167771,19.6381089072498,23.6210405687299,58.7268884113105,60.9353613576358,40.8215348489825,29.2012943735104,20.9648230354451
LITGRID AB,Yes,LT,Electricity,408.145193170547,448.300297710896,306.468051996231,254.642738220692,218.247383178949,53.4665539951324,-52.7785424774885,22.666729953289,32.6445226627588,5.17887332558632,75.2759487829208,-30.8257918101549,46.8330227136612,57.9068159401417,29.2904043856859,748.546120938301,766.399729290605,554.775945603848,508.45227601707,423.936279393315,11.121,-13.882,8.907,14.881,2.571,35.235,23.239,45.222,52.621,52.135,-277.640214601517,-448.084844614267,-220.245455789566,-157.548506153226,-151.600563457966,85.6585334424973,-39.441782476306,52.181161365509,63.4717112630606,27.319961042285,0.700570314407349,0.532233144640923,2.06019995927811,0.040494276881218,0.0337019956111908
PUBLIC JOINT-STOCK COMPANY TNS ENERGO VORONEZH,Yes,RU,Electricity,384.966406950884,467.159464621025,437.414608864778,405.448352722842,462.808755928839,12.2972333645318,14.5486261966061,14.0000348117417,9.6399495465327,5.04549679468386,12.8736184437303,15.3104815332843,14.556402464156,10.0321759598572,5.38394706231169,138.005932734521,80.8326848807028,82.1092130223652,83.2892030664459,84.7159176521041,4.167,3.884,4.021,3.346,1.445,59.183,40.757,41.232,19.756,7.931,-191.358419128995,-243.418374523968,-237.07794271889,-218.396569769234,-250.676246980041,16.0927449994134,28.3960474916445,21.3134548942223,15.3361664654966,9.67592678778805,19.8316383262929,12.073204136298,6.35576078586467,7.99016479261313,3.96884307247773
TERNA ENERGY S.A.,Yes,GR,Electricity,378.312389781952,637.409453578591,632.561802120209,315.331388272643,361.186533764839,65.9298545885086,45.4744691818953,-25.1448594260216,88.1560407704115,57.9135092582703,125.259541214943,96.627514039278,28.0261946082115,139.744522417784,130.364936023355,2297.11039091492,2170.97366399288,2004.60967098713,2422.90020413041,2379.80800329185,23.68,13.824,0.814,27.789,21.659,24.351,24.131,24.388,25.125,20.698,-109.332064066887,-352.09409046948,-249.209443452358,-93.2975868350267,-93.4118212355375,200.553170005798,175.291359497309,117.435928080082,166.475653556585,213.663911775827,274.069957999229,417.996073050499,450.105555589199,356.971775899529,289.235019934654
VOLGOGRADENERGOSBYT PUBLIC JOINT-STOCK COMPANY,Yes,RU,Electricity,332.443092220685,376.188162408345,352.743485268752,379.716318301588,448.329361764077,19.7212002914837,12.5650896857483,3.82451275423262,1.64275943957269,-61.1637237347979,20.5527914462751,13.4422320309384,4.70496382386237,1.82862570411433,-60.8411524578668,65.0526073394027,85.8693438223051,92.2702248865878,102.045479356273,130.391600164058,7.484,4.164,1.403,0.596,-15.498,-61.595,-88.786,-91.12,-86.35,-82.149,-218.696799947149,-253.766979414918,-250.616760672598,-350.286098848628,-414.45315854957,24.2324908784749,21.1782476328081,13.5496804082366,13.5011787233418,14.5997708063405,11.6031071800748,5.39692195747234,2.67046781749651,2.31288508900814,0.56393839696236
PETROL AD,Yes,BG,Crude_Oil,328.647453905225,448.542298821688,290.898126351356,245.911287821531,310.589893459082,1.49435026556253,6.38326890438795,-14.7003293219805,-5.60198258221149,-2.8609994494915,7.00847449690104,12.1513881014585,-11.4088823879957,-2.05219901740551,-0.627225737571716,185.71581710583,104.785408255756,73.5583956949711,93.9306108498573,80.1550839543343,0.393,1.458,-5.112,-2.364,-0.932,6.975,10.439,2.64,19.238,10.443,-300.251409029067,-419.28887630403,-266.614150520325,-222.21783141911,-285.530731848478,11.2649716238379,13.6554509496689,1.72563544392586,0.265386788249016,1.67547387957573,1.91412427210808,4.784315941751,2.33192413848639,1.73975783407688,2.00229754686356
GOOD ENERGY GROUP PLC,Yes,GB,Electricity,324.594669722557,300.18899345541,199.57414311707,175.331068018794,163.164540539742,3.66272852516174,11.1351401523352,-4.55278220117092,0.0281820176839828,0.333286100387573,5.05599174022675,13.0358495638371,-2.24885140299797,7.67087681341171,5.61468985652924,142.542034137249,140.401482128859,164.7626219666,177.216579201937,152.687022777557,2.23,3.702,-3.31,0.002,0.264,37.53,33.51,23.913,24.711,16.139,-266.635429395676,-262.468057534575,-164.639029177427,-127.986620310545,-117.859937437057,10.4787657527924,4.15863151240349,1.33399608314037,12.8013460327387,11.3737162132263,52.6574535222054,29.5509024504423,11.9213305556774,24.5344593951702,17.9331540708542
ENERGIEKONTOR AG,Yes,DE,Electricity,270.03007618618,201.17132948041,178.03344233036,180.789766884446,72.7075619317293,92.0697463197708,47.5020748090744,41.0057941317558,25.0635031908751,0.274109564304352,115.404041791916,68.6495428627729,63.6963086915016,48.8495960110426,25.6078996652365,797.418082871437,675.784636566639,636.51457719326,550.952860252857,438.012479560256,39.071,33.337,28.578,21.199,1.19,25.67,19.518,14.63,14.6,14.414,-63.8027286338806,-50.8010670262575,-38.8255385398865,-60.1929019349813,2.47934347712994,150.86571770668,107.151651189923,94.5188934588432,79.239937260747,44.8292711621523,146.12084557724,135.468801003695,113.203400731087,97.5016290348768,75.2554327999353
CAPRICORN ENERGY PLC,Yes,GB,Crude_Oil,255.7,290.2,1547.5,396.1,533.4,-144.0,-67.1,894.5,-393.8,93.6,20.1,106.8,980.6,-178.1,308.2,667.6,1463.0,2246.4,1635.3,2089.0,-39.93,-51.172,69.305,-30.169,0.731,60.89,76.664,80.066,68.831,69.674,-59.6,-71.2,-124.1,-115.5,-73.1,76.7,38.3,1298.6,146.8,259.6,189.5,756.8,314.1,569.6,153.7
ENEFIT GREEN AS,Yes,EE,Electricity,253.160033615112,274.132067474723,208.066604683399,199.628195329309,170.21529903388,61.6512926683426,117.546729802489,90.2240730929375,83.2832294523716,41.2310214307308,106.469007781982,157.839658670425,133.428244421482,130.148605896234,87.0679822616577,1438.62556063747,1135.0431774199,926.077437000275,907.372441467643,820.303202976823,28.594,45.046,44.226,42.172,26.121,55.087,67.539,77.491,68.91,63.132,-108.422648658752,-88.1555143040419,-54.0771342802048,-48.0360291755199,-50.9596641638279,117.019552516937,165.154397960901,137.649445767403,135.190756917596,103.03598778224,72.5731175699234,140.210902328491,91.1222251367569,13.2207678520679,12.5000701721907
EVISO S.P.A.,Yes,IT,Electricity,244.592534415722,216.534644828081,90.280319152832,53.7436569507122,48.4685381784439,-1.35281678438187,-1.14568595147133,1.57700589084625,1.29784761440754,1.19034751319885,0.814949870109558,0.799798896312714,2.9424767036438,2.06938946628571,1.91183921813965,66.8954317378998,68.2280393548012,47.2828435411453,15.1161733795404,10.9475555229187,-0.311,1.24,2.315,3.25,3.273,27.305,27.807,49.667,21.802,22.256,-199.324785630703,-170.60645288229,-37.2598837194443,-19.6502415337563,-21.8621090593338,2.20362444877625,5.03769434690475,3.9656885137558,2.65280500304699,2.41028301429749,20.1477339887619,16.5205213582516,8.92131365680695,4.81849722588062,2.85182683372498
MARTIFER SGPS S.A.,Yes,PT,Electricity,243.091269096375,225.376738266945,249.493726129532,287.54740593493,295.216000755787,21.7640897674561,14.2284371733665,12.7598750638962,7.72827138781548,26.45157295537,28.6836028728485,20.3539180344343,19.022022163868,15.0982297801971,36.0319269077778,303.532586221695,262.07522685945,294.414919524193,330.948681056499,323.088674526095,9.824,7.308,6.549,3.455,8.54,20.475,14.277,7.046,2.167,-10.917,-55.8113650474548,-50.8191992175579,-50.0530053877831,-87.0811017841101,-95.1104018143415,22.1143749246597,41.9621570670605,23.4097157549858,26.6906368619204,44.1204058544636,91.6056461114883,60.0826157730818,46.4490712094307,53.7432680171728,39.3234884791374
ALERION CLEAN POWER S.P.A.,Yes,IT,Electricity,222.884125027657,291.976276913285,174.107849664688,134.182081293464,80.6926880918741,73.8361331367493,75.771227645874,55.2006737852097,37.9725878208876,23.6531839197874,130.659678638458,121.61900664866,101.598777980804,89.0714568477869,51.1910845336914,1585.53537656879,1305.81215508699,1142.11641524792,1158.69833028197,989.591697131395,40.891,62.632,44.563,11.194,35.501,22.77,24.913,22.969,21.922,18.256,-7.33388829135895,-7.14408337235451,-4.71388247966766,-4.72678650140762,-0.513393733143806,168.234115501404,248.316093460917,149.34580914259,99.547203567028,60.6838132975101,379.194180177689,241.701043434739,140.048293218613,181.249929121733,267.760108331203
DEUTSCHE ROHSTOFF AG,Yes,DE,Crude_Oil,218.947008260727,188.266542271972,84.7977850198746,49.4643727600575,49.8632259066105,72.0184073209763,64.8129845035076,28.0816920232773,-19.0335372334719,0.346007154941559,142.317433870316,109.789351724386,62.4108073425293,19.5673254287243,18.6540545707941,545.610569863319,373.657532323599,300.128888075352,253.668421376944,313.344304195046,43.271,48.687,36.123,-55.879,0.59,37.97,37.783,30.218,22.053,25.634,-37.8628419923782,-32.5184851980209,-20.5193197703361,-14.2453957670927,-12.7314905420542,157.034935475349,139.92398706615,53.0963024139404,27.0182723748684,26.6751295262575,83.7667725934982,50.6410771030188,14.3840239048004,10.0732581490278,68.8430664349794
TOPLOFIKACIA PLEVEN AD-PLEVEN,Yes,BG,Electricity,207.745195387423,181.79582560426,105.005495835185,87.8292242878675,89.5008623206615,-30.1096041787863,2.96940616697073,-26.4734481845498,-1.63561077296734,5.42734065413475,-26.6581917884946,6.33582384717464,-22.243325057745,4.26312819421291,10.5025848090649,283.589262325108,329.814587891042,209.173653129458,217.951566265225,183.177485733032,-19.595,2.608,-31.725,-1.762,5.848,-6.491,6.526,8.615,22.706,16.333,-115.819207727909,-141.458801445186,-77.4902965890169,-56.067507609129,-55.5290067815781,39.2977396679521,-16.5457820212841,-42.4639505833983,2.45184767961502,13.7334866166115,3.94180786496401,1.26574687117338,0.560541983127594,0.244682854413986,0.24066628575325
AKTSIONERNOE OBSCHESTVO ULYANOVSKENERGO,Yes,RU,Electricity,189.575589111029,215.039145941075,214.417045432329,200.795517761308,237.804297743289,2.79491293525044,0.613669803354889,0.485579984053038,0.362433124543168,0.0671343696191907,3.14993135689199,0.932248085107654,0.666620892868377,0.607330980350263,0.402402377666906,49.4851482254947,62.6986455148291,62.0713629494524,63.6931648277706,78.9792243844569,1.999,0.341,0.337,-1.452,0.349,20.351,14.797,13.691,13.117,12.596,-171.047331440276,-194.931735338864,-195.546565983864,-185.586943999152,-222.427280226506,10.9121363680409,11.030289622006,10.5779847469945,8.31208391746413,7.45370807754435,4.86134738061763,3.29396124245878,4.80601022553351,2.18492690688651,0.96724537633732
AS LATVIJAS GAZE,Yes,LV,Crude_Oil,179.200140422821,792.895127178431,662.360516209602,236.236248729229,356.776065939188,-62.8866832227707,25.6762494808435,3.6696249961853,13.7300140613317,22.6814430463314,-61.5982526445389,40.1958683145046,19.1386799955368,30.3191694903374,37.9866426532269,180.918416193962,450.144448226094,793.274387948513,559.003858756423,520.222880854487,-16.275,5.415,0.627,6.588,7.071,76.4,73.955,52.727,82.502,82.611,-193.240276723862,-613.194445396662,-384.549517192841,-161.11936511457,-277.775218026996,-29.1023980607986,136.535400491953,236.339706158638,31.5659023785591,40.6614577049017,86.552478843689,43.9833630973101,12.4155645704269,66.5529576039314,55.0409758323431
ASTRAKHAN POWER SALE COMPANY PUBLIC JOINT-STOCK COMPANY,Yes,RU,Electricity,160.038894889838,179.75653015112,164.418122916343,153.123995157273,178.937406206047,0.603356266094372,0.0667638169899583,1.18197503976896,1.37428143426217,0.866204596268013,1.41529045416508,0.936683841262013,2.37973900043312,1.4261117399158,0.935503548545763,37.0068990613539,52.8629817978945,48.7315150116635,59.8098038803311,64.8836559551433,1.888,0.727,0.442,1.902,0.55,8.888,6.458,6.351,2.979,1.893,-136.099730999729,-152.231980789303,-147.975704911631,-73.2802282410599,-88.4870567905661,13.8923800468147,14.5275279205386,4.67107081208564,11.2481644731704,13.915730379032,6.83509415477142,1.71675136907399,0.061311623766087,3.22882905932888,5.79327933520637
AKTSIONERNOE OBSCHESTVO KOMI ENERGOSBYTOVAYA KOMPANIYA,Yes,RU,Electricity,158.894743469544,186.273324148729,164.538592517376,166.597641145776,199.516093540968,6.5894879931584,7.23653808515519,2.31516998633742,1.09115720520727,0.130666486008093,7.24732181988657,7.56353292986751,2.92088306415826,1.41447056392673,0.442818689694628,48.8915479695424,51.0964987780899,43.4632784062997,43.0549841493024,53.3819360020645,5.214,4.877,1.783,0.859,0.119,57.058,53.172,43.419,38.848,35.665,-95.3636054238304,-111.320418873802,-100.69643411506,-97.9325300530773,-119.347334064022,13.8925584424287,17.5724186114967,15.3985724672675,8.9966256743744,5.15745740965754,20.1475546592847,10.037320015952,4.79186346009374,1.47546491160896,4.43703907080367
JERSEY ELECTRICITY PLC,Yes,GB,Electricity,157.847151336074,129.938070022225,159.349751174927,143.399334872603,136.595228360653,13.8377401828766,9.21355099177361,21.7042293119431,14.9164977006912,14.4819677199125,28.0447321206331,21.4901705813408,36.3806143941879,29.5121829078197,28.7560485337973,437.023559525609,391.380048963308,450.922661507607,396.805273787856,367.931531368375,11.553,9.028,16.091,13.271,13.346,67.803,67.681,67.169,66.309,66.713,-85.0665263742208,-73.1993719677925,-84.9561708784103,-74.8404217482805,-70.9497098572254,33.8067769467831,24.3507313925028,33.9529113693237,35.2213620432615,33.2090106629133,58.1835265189409,52.4495167375803,57.9531807861328,45.5810390853882,30.6479423886538
PUBLICHN   AKTSIONERNOE  BSCHESTVO RYAZANSKAYA ENERGETICHESKAYA SBYTOVAYA KOMPANIYA,Yes,RU,Electricity,146.585446101613,173.961257386953,155.816324196756,153.640985197448,177.239694950456,10.9490308109671,11.8144659111276,6.8243673434481,4.51834648888931,2.05703197691217,11.2389236837626,12.0703749200329,7.06665257457644,4.7823033863157,2.4127019841969,30.773243419826,35.0453170528635,27.943563323468,23.3123347744206,22.441391480621,9.341,8.516,5.52,3.701,1.48,55.072,51.359,44.605,45.547,41.845,-125.211421595886,-150.773057746701,-138.600612496026,-139.051451272887,-164.180993921796,13.2012754380703,14.7716366806999,9.86639302317053,7.16786460774858,5.04670831482857,14.4500447362661,17.6577216144651,13.0968627715483,9.31403722759243,6.08651567103341
OTKRYTOE AKTSIONERNOE OBSCHESTVO LIPETSKAYA ENERGOSBYTOVAYA KOMPANIYA,Yes,RU,Electricity,146.318053375637,174.286247611095,151.788870640872,148.915831863488,223.518197579216,15.7959169971226,11.0805188735873,7.42859978930093,1.23726750012115,-4.93292234283686,16.2644396281894,11.574906644458,7.83600240544323,1.61329102081899,-4.42589308547229,45.8528462779969,55.9311744258301,38.6783469958743,33.4835415698402,34.6868717273418,12.799,8.613,6.142,1.22,-2.745,73.251,62.167,57.989,45.053,47.642,-94.0457524241023,-116.153871845166,-102.006658803839,-97.7185354586458,-161.740152363038,14.7565061017144,14.4301687598173,9.51276426804811,8.85043416195363,-1.05878783847205,27.9939846997065,33.7010838977527,18.1465446381439,14.2749920565868,10.5124410637096
PNE AG,Yes,DE,Electricity,145.287675203323,140.44448761642,138.412818374634,139.285587279797,154.416926891208,-10.5571747379303,15.8955321735144,28.458847925663,1.9891279643774,0.777392698764801,27.2139522132874,47.0903674066067,54.9786841249466,24.3260165119171,14.9872774482965,1217.37020634079,981.629906625748,936.660454273224,814.559558855891,637.639510164022,-6.541,18.122,2.478,-2.385,5.32,18.893,25.226,26.819,30.214,38.762,-5.19792233276367,-27.3518772768974,-35.9419381570816,-42.36560331285,-63.3417773513794,43.8132696628571,37.8216178536415,37.4029925537109,32.3819234126806,35.5926775649786,99.89535983181,129.679298981428,169.465321004391,136.965142504573,125.747762624621
ZAPTEC AS,Yes,NO,Electricity,140.274339303598,76.8152150191963,55.4390005244911,25.762601922676,17.822209362708,2.18554576977342,-3.7459433042258,0.932086138494313,2.06236805999279,2.9636673919633,5.12733541030437,-1.65943209269643,2.67970513116568,2.62895655669272,3.7826878837049,114.017111599579,62.185092927292,61.5102021476626,42.4225077115297,10.8066057985574,1.682,-4.296,5.222,5.63,10.029,57.334,57.423,72.886,85.158,56.096,-87.6391365969926,-45.7036523278654,-31.0479582074806,-16.0733876326382,-10.1588837103173,4.24041307065636,-0.458417862057686,4.48446697918326,1.97831179015338,2.67425965040922,13.9275322566256,10.4322517980039,8.64603147418797,2.45205152016878,1.71082002592832
GARO AB,Yes,SE,Electricity,138.583497494459,133.486133275926,143.69170532003,127.329651600122,108.427515104413,3.1170332506299,11.5562030747533,18.4441420473158,11.6543563172221,9.21574734151363,7.95689957588911,15.0086786821485,22.4051515571773,14.94399099648,11.6137772798538,119.363452211022,110.623072586954,103.661167871207,90.8990876242518,70.6934924423695,3.435,11.021,16.047,11.823,10.919,50.851,53.238,58.864,57.89,52.175,-75.7648209929466,-69.7591876894236,-71.8403205238283,-64.6676140666008,-55.735377445817,9.92869696766138,18.1063165187836,26.8861818686128,19.9457032039762,14.5064681023359,4.97928634285927,2.82911195605993,9.02844625711441,8.48701288998127,4.38742697238922
CRNOGORSKI ELEKTROPRENOSNI SISTEM A.D.,Yes,ME,Electricity,122.753400090218,128.522038536668,86.5884261059761,62.6753238177299,43.1452947814465,39.4684077129364,21.6253046244383,19.0877129817009,15.2896572709084,4.07681806910038,50.7338877687454,32.0897122037411,29.6208958411217,26.4734402859211,13.3370030632019,389.700524892807,336.940911539793,341.148273410797,345.07013979435,301.57893752718,37.88,20.784,24.484,26.921,10.587,69.511,68.891,65.553,66.881,65.141,-47.697346405983,-75.25925989151,-37.9579667043686,-21.1024266523123,-18.509135989666,58.9153114404678,40.2417320924997,34.2249160909653,29.2503660005331,13.3504838614464,65.3795643415451,41.0203497189283,28.9254792523384,27.4379403352737,19.9942705962658
PUBLICHNOE AKTSIONERNOE OBSCHESTVO KOSTROMSKAYA SBYTOVAYA KOMPANIYA,Yes,RU,Electricity,120.360844850466,140.320297889126,125.231636489339,118.910538316668,139.504686999815,0.939174859776162,0.422107693022117,0.723571382474154,0.474729864084162,0.53620266244933,1.201985048417,0.702086365931667,0.997622899461538,0.696521339178085,0.794159531662241,27.0695720769912,31.4757844593152,27.9799330287185,25.4129714453956,32.8655854169894,1.072,0.309,0.749,0.512,0.634,27.271,26.103,26.373,30.495,26.415,-58.5996031407015,-69.5075738632707,-62.7970745181348,-60.184568529672,-70.2923826428149,3.8939637143733,3.49944195944257,4.1999471801566,3.71825929216202,3.11606211941317,7.4308686072696,3.68843076251913,3.31098920685612,0.0721752911321819,0.250897745169699
PUBLICHNOE AKTSIONERNOE OBSCHESTVO TNS ENERGO MARIY EL,Yes,RU,Electricity,111.698187977511,130.94497182771,120.448926026866,111.368436973373,135.81984040286,0.708620828096755,9.23660916142166,4.50732637671474,3.47522943901364,6.29089104264602,1.13571107780561,9.72946147823892,5.42638155983761,4.29135709335376,7.04003048573062,55.635626911982,42.7833088409686,38.3541424360434,41.2896268830635,43.310601346245,0.736,8.868,4.482,3.811,5.307,69.596,65.259,54.063,36.837,32.694,-51.4352687305156,-63.4991288946848,-60.6214339043461,-55.603197255428,-64.4427272368744,9.1761128993053,12.7354255655091,6.78778227354772,4.94094824979454,9.79163503840938,10.0714024380306,1.31523013410158,3.41990987853892,4.07243530350365,0.99528802928701
RITE GACKO A.D,Yes,BA,Electricity,101.349623575807,86.4293884065151,73.9526591950655,80.3954130855203,64.4807732043266,0.330511853098869,5.87608154714107,0.315247005462647,0.802478524804115,-7.76661737012863,19.0781611204147,25.6606163451672,18.1736421660185,21.1394694961309,10.3690291568637,338.333401978016,323.346452259302,349.108242637634,336.226571461022,305.168680288732,0.385,6.47,0.061,0.613,-12.279,74.726,76.808,73.718,77.627,77.683,-7.51985087990761,-8.6098909945488,-11.3703336290121,-16.8545606907606,-15.5235093060136,20.3956887125969,23.7726354341507,15.9054863215685,21.9783672341108,10.0452294049859,1.6373048722744,0.798383608818054,1.05758416354656,0.182096065878868,0.161899875938892
PUBLICHNOE AKTSIONERNOE OBSCHESTVO MORDOVSKAYA ENERGOSBYTOVAYA KOMPANIYA,Yes,RU,Electricity,85.1774277076246,96.3027541153738,93.5505542699043,94.8472394009437,104.891055703621,1.61083434659149,1.3528345412435,1.65060851793364,0.999611538679339,0.748396377395839,2.41420554518886,2.41272435312625,2.45834709764365,1.63646508278791,1.4684270298034,15.656110584354,20.54465957826,18.9585232093986,18.7589700038061,21.2457987874076,2.565,1.937,2.441,1.574,0.846,26.242,22.005,15.82,14.343,11.778,-39.6636668929914,-47.9610873838151,-48.4679356007772,-50.7191554054683,-55.9272752117049,5.57992491392232,4.95644568447769,4.70931149773207,3.94734680662584,3.3565892521441,0.434504817416891,0.819250040508807,0.815814754080959,0.637855226693675,0.388284129580483
SUNEX SA,Yes,PL,Electricity,82.21677653566,67.1136823674738,32.9509855260998,22.8778199672699,16.7704127916396,6.1921222820878,8.857740226686,1.53275863485038,1.72254147827625,0.915027468651533,8.2345620252192,9.78917738825083,2.42758622932434,2.3233290374279,1.42059660241008,68.361121480912,45.2414931957722,28.7266012506187,20.1176028996706,16.4423194892108,8.156,16.244,6.394,9.488,6.978,36.697,40.262,36.691,42.748,42.056,-54.4175375781953,-48.1028227201402,-25.8401480219811,-17.2892717421055,-12.9623186185062,9.82744647338986,12.6062068524957,3.5524630870074,3.33386541903019,1.90720689365268,0.520203328877687,0.651551653504372,0.202709361478686,0.429704122245312,0.0305448018312454
PUBLICHNOE AKTSIONERNOE OBSCHESTVO MURMANSKAYA TETS,Yes,RU,Electricity,80.3113974421388,118.65130208024,80.9903398250146,77.0630148424544,127.897047878884,-3.51341242047399,0.326738935703412,-19.2760110842111,12.0192434836831,13.2492650706228,-2.02763339931611,2.77111070293095,-17.638674412827,13.5011381145883,14.7983308812585,90.0625351540856,80.8622708055656,72.963955069067,51.2703786248015,63.7034576445688,-5.35,0.242,-29.353,19.476,13.677,3.329,10.269,10.622,53.011,28.404,-77.3833233307423,-109.192791373763,-100.898540378693,-59.5621040205359,-99.319258404471,2.92807411139645,9.45851070647687,-19.908200553678,17.5009108219184,28.5777894744128,0.00354561282880604,0.00500444284081459,1.6106583753787,0.657469254610129,3.92603602736443
PHOTON ENERGY N.V.,Yes,NL,Electricity,79.0970404977798,102.060771832466,41.6536415076256,35.1465781342983,34.1097897580862,-17.3308277778625,6.729176171422,-7.2531723690033,-10.6193173372746,-0.767282100081444,-5.12720230102539,16.2741749918461,4.83167291164398,-0.420895059704781,7.01001508712769,306.553657577515,270.589890574217,222.689607253075,194.990987076759,153.926001155138,-22.774,9.118,-16.116,-22.792,3.254,25.053,27.78,26.212,25.244,27.619,-40.7491032876968,-46.8546489197016,-14.4168693137169,-5.69619494795799,-10.8239575904608,4.33491694545746,28.3907451784611,11.1764998340607,10.603365046382,9.06920701897144,14.3406964359283,22.7804318702221,44.5814133024216,17.5352489888668,16.9678313903809
PUBLIC JOINT STOCK COMPANY TAMBOV POWER SUPPLY COMPANY,Yes,RU,Electricity,69.174170408098,98.9425834967364,101.505895611969,93.9205070384564,108.109257048035,3.53310283637233,3.71112136130873,3.29261591016222,1.16737983543333,0.338967182889581,3.95480776848271,4.11160474307835,3.53335320786946,1.37226453284081,0.569850615268573,21.7645659540119,23.6261736918259,16.974543673723,16.103333499427,17.6276342592184,6.414,4.711,4.078,1.613,0.418,57.682,50.934,43.104,24.515,19.898,-58.3423232160956,-52.6156599579547,-53.7075556282867,-49.5001347718975,-32.2304580963235,4.40632706758753,4.57848229549173,4.36348971116822,3.23119790328015,3.10457690844126,12.4316656094277,11.4220152288042,8.06158341591433,6.00408541512117,3.90857398367859
CLEARVISE AG,Yes,DE,Electricity,56.8003404912949,69.9891918200254,37.4800093746185,45.8726531106234,38.9258049309254,7.55488839054108,22.7367012912035,-3.71153120756149,2.90331694245338,-0.45048334133625,27.8946325187683,41.6613760113716,17.7285926127434,25.6635547482967,21.1772106422186,401.210210058212,481.40434602797,261.532134797573,230.583002256751,228.133301891565,16.283,40.138,-5.473,10.692,2.82,43.823,34.552,24.337,20.625,18.402,-0.520455233573914,-0.301847655177116,-0.400940508842468,-0.488385521173477,-0.310058359622955,37.3280217523575,51.3791639488935,24.731460313797,33.963654409647,29.244344991684,48.340456694603,77.0692792230845,26.2740619325638,21.2521327668428,16.489263052702
ARISE AB,Yes,SE,Electricity,50.489963516593,112.109555140138,30.7586771994829,15.8978627622128,52.8641936182976,20.5146597325802,74.0364213585854,6.30663525313139,-13.2074552178383,-25.2707190811634,26.88814625144,79.8864494711161,13.2771268486977,-4.6470675766468,-17.0980609953403,379.122862145305,279.650524199009,167.181155569851,173.408995360136,193.025279790163,39.448,66.039,20.863,-83.077,-47.396,57.946,55.418,44.739,49.577,38.886,-4.87970061600208,-16.9746717363596,-1.99156902730465,-0.978330016136169,-14.4096866250038,28.481517881155,81.6126872748137,15.821909494698,4.0356113165617,-6.02195858955383,91.320111528039,117.000562250614,7.7449906617403,10.5170476734638,39.2502658069134
SOCIETE ELECTRIQUE DE L'OUR SA,Yes,LU,Electricity,37.5821718664169,30.2519612854719,21.3370571923256,42.9374315863848,37.2912581437826,5.08742228317261,7.5387251830101,6.62231399774551,5.76368540942669,4.15545605885983,7.21896823978424,9.17488879799843,8.15698741436005,7.43131335735321,5.79224964570999,363.868928299904,356.422351192832,380.405332667828,412.528696681261,371.138733068824,15.616,26.291,32.953,14.115,13.074,12.449,11.833,7.33,5.12,4.055,-16.0368721971512,-11.6024692332745,-13.8437735581398,-17.8052108347416,-15.9006015293598,-1.97905588817596,-0.674090876579285,-12.3510063529015,1.47742755651474,0.0797613896131515,7.2255982427597,7.67524991750717,10.1673529601097,6.88648126840591,4.92947855806351
ELEKTRO DOBOJ AD,Yes,BA,Electricity,31.2675512582064,22.311113527298,26.1631834607124,36.719985643208,39.4475054610968,2.53053434193134,0.0365380476713181,0.0463598537445068,0.0144421017765999,0.2402754342556,10.5142317712307,7.53992607617378,7.97679233491421,7.79810704189539,6.96627134031057,187.805309593678,176.519125708103,249.547559230447,265.010055930734,240.797747282922,11.463,0.958,0.755,0.135,1.006,76.529,89.566,67.308,65.699,65.874,-6.73114225268364,-0.651686074137688,-10.4054691729546,-20.2754550594091,-23.9285728300214,15.8967726677656,8.71023428964615,8.71912949299812,8.46746706336737,8.00174404507875,0.901704132556915,4.69922920572758,3.9150896487236,2.83127986568212,6.85414280432463
HIDROELEKTRANE NA VRBASU A.D.,Yes,BA,Electricity,15.2080650627613,12.5914475027323,11.5134696774483,8.77954204523563,11.8215513653755,4.22038212418556,2.96885270929337,1.34675375127792,-0.807501864552498,2.33925297778845,7.63510629534721,6.25291424775124,4.83185575652123,2.95058418470621,5.80093548417091,163.443478643894,154.730451728106,173.250829930425,174.103304421723,159.853530157149,29.412,25.523,13.524,-5.807,22.179,82.373,91.596,85.106,90.017,89.852,-1.39831937849522,-1.32900331604481,-0.900540158987045,-0.892898640275002,-0.882726178705692,8.33793833851814,6.93895699357986,5.67966158187389,3.91004207664728,7.83526749420166,0.491530448198318,0.343021372914314,0.359868364691734,0.134374338269234,0.15503486353159
ELEKTROHERCEGOVINA A.D.,Yes,BA,Electricity,11.8340192735195,9.11597022199631,10.6523353941441,14.4000313062072,16.5761445418,0.119775235652924,0.109614143013954,0.0608473080396652,-1.80212313473225,0.117849379658699,2.8356222063303,2.57838640880585,2.50575009489059,0.731523850858211,3.13788275450468,33.2387578487396,31.6097739876509,34.267465393424,38.8134624833465,35.9749533517361,0.835,0.03,1.757,-13.784,1.16,74.701,75.412,73.58,75.764,79.505,-3.34975175559521,-0.647323322176933,-2.19166208577156,-5.90493587422371,-7.4599801492691,1.8904148042202,2.34934193086624,2.92588626945019,0.580195740938187,2.51945955348015,0.237855538725853,0.207776062130928,0.198767872929573,0.196538167655468,0.160183622837067
PUBLIC JOINT STOCK COMPANY SARATOVNEFTEGAZ,Yes,RU,Crude_Oil,10.2188352632988,19.8149776908681,11.0142731468035,18.6450759866294,80.310151954636,1.02789322857745,5.55987912747636,2.37739690986555,0.288741773282178,1.23277828485519,10.6035342552243,18.1095005353531,9.45974418330286,10.2036802619286,15.6509018374979,270.704529053355,346.166282331624,337.665213877036,329.360922573276,410.567328837408,17.623,37.532,35.119,8.797,3.378,81.056,80.606,76.607,74.73,71.457,-0.457763145595789,-1.56748533104639,-1.35589545484725,-6.77700535579026,-56.5751638778951,9.5603101535663,18.0130086218286,9.04332317244634,10.466919738044,17.886108043693,0.214007838478312,0.0118713345797732,0.00790119059290737,0.00537389170657843,0.000775372892618179
G-ENERGY SA,Yes,PL,Electricity,5.56340560615063,4.60607035383582,5.63694586488604,3.47674536556005,3.36703776738048,0.261245247721672,0.161752014398575,0.087684729874134,0.122924646735191,0.474761014670134,0.520965717732906,0.418010823726654,0.364778328493237,0.371168576180935,0.652763480514288,9.54434607848525,6.62819771361351,6.75369464367628,6.32316932827234,5.57863941031694,3.746,3.517,1.516,4.041,18.652,39.508,47.327,47.783,53.823,58.642,-4.42261774912477,-3.59125820732117,-4.70418723557889,-2.77272238880396,-2.11101445069909,0.693773858249187,0.574764882624149,0.437931038528681,0.390325663983822,1.01324480557442,0.0396442204713821,0.0304420925974846,0.056157635986805,0.0478927195072174,0.112173151552677
CONECT BUSINESS PARK SA,Yes,RO,Electricity,3.97259670764208,4.06097615583241,3.52529344081879,3.74104872089624,4.14100647372007,0.0963121150285006,-0.165494326099753,0.319170843064785,0.0436207743287087,0.693062350764871,0.592108199089766,0.954343421563506,0.831445766091347,0.615985847890377,1.23450997799635,32.2972557190955,32.1054677266479,35.7807674798369,39.4853736364245,37.5469403573871,3.544,0.542,11.617,2.521,19.174,56.132,54.485,52.331,51.369,50.176,-0.546954944238067,-0.56229232570529,-0.374310752153397,-0.383005527198315,-0.428792724296451,1.89487969498336,2.023044069767,1.79284783244133,1.77937459212542,2.15874957749248,0.298055967986584,0.454408149629831,0.835335303246975,0.501008546769619,0.743991754800081
PUBLIC COMPANY RAD AD,Yes,BA,Electricity,0.458196774125099,0.464087739825249,0.453747068524361,0.528706508517265,0.419909925580025,-0.103955864906311,-0.0370833916664124,-0.0498368427753449,0.000627917468547821,0.00114416873455048,-0.042373314499855,0.0212684158086777,0.0133284579515457,0.0646754992604256,0.0600688585639,1.38871476054192,1.41462232327461,4.53341419804096,4.94296631240845,4.48456935507059,-22.688,-7.991,-10.983,0.119,0.272,92.474,94.68,32.264,33.155,33.282,-0.042373314499855,-0.0654412794113159,-0.0961966965198517,-0.111141391932964,-0.0749430521130562,-0.0316387414932251,0.0136335998773575,0.0266569159030914,0.0734663438200951,0.0606409429311752,0.0214691460132599,0.0283578877449036,0.0307134031057358,0.0339075433015823,0.0354692307710648
